"year","day","predicted","Date","var","avg","cum.ifsa","cum.prop"
2003,1,0.0156598014640637,2003-05-01,0.0139343707491355,0.0736821705426357,0.0736821705426357,0.00711251126932923
2003,16,0.0609243281573674,2003-05-16,0,0,0.77765688787685,0.0750669169754583
2003,2,0.0126772901277654,NA,NA,NA,NA,NA
2003,17,0.0716866748557174,NA,NA,NA,NA,NA
2003,18,0.0834589880411831,2003-05-18,8.12805270531218e-05,0.00418367346938775,0.781840561346237,0.0754707653485325
2003,19,0.0962309873311787,NA,NA,NA,NA,NA
2003,20,0.109992392343119,NA,NA,NA,NA,NA
2003,21,0.124732922694417,NA,NA,NA,NA,NA
2003,22,0.140442298002488,NA,NA,NA,NA,NA
2003,23,0.157110237884747,NA,NA,NA,NA,NA
2003,24,0.174726461958607,NA,NA,NA,NA,NA
2003,25,0.193280689841483,NA,NA,NA,NA,NA
2003,26,0.212762641150789,NA,NA,NA,NA,NA
2003,3,0.0105063971331204,2003-05-03,0.00347636363636364,0.0381818181818182,0.111863988724454,0.010798187330467
2003,27,0.23316203550394,NA,NA,NA,NA,NA
2003,4,0.00904659092606404,NA,NA,NA,NA,NA
2003,28,0.25446859251835,NA,NA,NA,NA,NA
2003,5,0.00839288594260187,NA,NA,NA,NA,NA
2003,29,0.276672031811433,2003-05-29,0.796709194160954,0.846027756155221,1.62786831750146,0.157137495651183
2003,30,0.300544072522228,NA,NA,NA,NA,NA
2003,31,0.32626392487288,2003-05-31,3.77028668610301,1.86122448979592,3.48909280729738,0.336800771867577
2003,32,0.35293254510546,NA,NA,NA,NA,NA
2003,33,0.379650889462038,2003-06-02,2.1975318403068,1.69081395348837,5.17990676078575,0.500014385282595
2003,34,0.407748035884825,NA,NA,NA,NA,NA
2003,35,0.438711148810511,NA,NA,NA,NA,NA
2003,36,0.471878314222879,NA,NA,NA,NA,NA
2003,37,0.506587618105716,NA,NA,NA,NA,NA
2003,38,0.542177146442807,NA,NA,NA,NA,NA
2003,6,0.00856807769418715,NA,NA,NA,NA,NA
2003,39,0.577984985217939,NA,NA,NA,NA,NA
2003,7,0.00959496169227313,NA,NA,NA,NA,NA
2003,40,0.613349220414896,NA,NA,NA,NA,NA
2003,8,0.0114963334483131,NA,NA,NA,NA,NA
2003,41,0.647607938017464,NA,NA,NA,NA,NA
2003,42,0.680099224009428,NA,NA,NA,NA,NA
2003,43,0.710161164374575,2003-06-12,1.96835957425147,1.39722448979592,6.57713125058167,0.634887921936973
2003,44,0.737131845096689,NA,NA,NA,NA,NA
2003,45,0.760349352159557,2003-06-14,1.99480573063807,1.78453366556815,8.36166491614981,0.807148262713802
2003,46,0.780429257517185,NA,NA,NA,NA,NA
2003,47,0.798569679399004,2003-06-16,0.16780191541263,0.217420634920635,8.57908555107045,0.828135792053249
2003,48,0.81498252320193,NA,NA,NA,NA,NA
2003,49,0.829879694322883,NA,NA,NA,NA,NA
2003,9,0.0142949884737603,NA,NA,NA,NA,NA
2003,50,0.843473098158781,NA,NA,NA,NA,NA
2003,10,0.018013722280068,NA,NA,NA,NA,NA
2003,51,0.855974640106541,NA,NA,NA,NA,NA
2003,11,0.0226753303786895,NA,NA,NA,NA,NA
2003,52,0.867596225563082,NA,NA,NA,NA,NA
2003,53,0.878549759925322,NA,NA,NA,NA,NA
2003,54,0.88904714859018,NA,NA,NA,NA,NA
2003,55,0.899300296954572,NA,NA,NA,NA,NA
2003,56,0.909521110415418,NA,NA,NA,NA,NA
2003,57,0.919921494369635,NA,NA,NA,NA,NA
2003,58,0.930713354214142,2003-06-27,0.044241405383827,0.257734585675762,8.83682013674621,0.853014811382003
2003,59,0.941531136510551,NA,NA,NA,NA,NA
2003,60,0.951869408697742,2003-06-29,0.431688446969697,0.701780303030303,9.53860043977651,0.920757391128728
2003,61,0.961730257488533,NA,NA,NA,NA,NA
2003,12,0.0283026082810779,NA,NA,NA,NA,NA
2003,62,0.971115769595741,2003-07-01,0.43646532073911,0.785081699346405,10.3236821391229,0.99654102226802
2003,13,0.0349183514986867,NA,NA,NA,NA,NA
2003,63,0.979952513930495,NA,NA,NA,NA,NA
2003,14,0.042545355542969,2003-05-14,0.556073744674508,0.665792899152396,0.77765688787685,0.0750669169754583
2003,64,0.988168169980322,NA,NA,NA,NA,NA
2003,65,0.995766490322633,NA,NA,NA,NA,NA
2003,66,1.00275122753484,NA,NA,NA,NA,NA
2003,67,1.00912613419435,NA,NA,NA,NA,NA
2003,68,1.01489496287859,NA,NA,NA,NA,NA
2003,69,1.02006146616495,NA,NA,NA,NA,NA
2003,70,1.02462939663086,NA,NA,NA,NA,NA
2003,71,1.02860250685373,NA,NA,NA,NA,NA
2003,72,1.03198454941096,NA,NA,NA,NA,NA
2003,73,1.03477927687998,NA,NA,NA,NA,NA
2003,74,1.03699044183818,NA,NA,NA,NA,NA
2003,75,1.03862179686299,NA,NA,NA,NA,NA
2003,76,1.03967709453181,NA,NA,NA,NA,NA
2003,77,1.04016008742207,NA,NA,NA,NA,NA
2003,78,1.04007452811116,NA,NA,NA,NA,NA
2003,79,1.0394241691765,NA,NA,NA,NA,NA
2003,80,1.03821276319551,NA,NA,NA,NA,NA
2003,81,1.03644406274559,NA,NA,NA,NA,NA
2003,82,1.03412182040416,NA,NA,NA,NA,NA
2003,83,1.03124978874863,NA,NA,NA,NA,NA
2003,84,1.02783172035641,NA,NA,NA,NA,NA
2003,85,1.02387136780491,NA,NA,NA,NA,NA
2003,86,1.01937248367155,NA,NA,NA,NA,NA
2003,87,1.01433882053373,NA,NA,NA,NA,NA
2003,88,1.00877413096888,NA,NA,NA,NA,NA
2003,89,1.00268216755439,NA,NA,NA,NA,NA
2003,90,0.996066682867692,2003-04-29,0.00219015151515152,0.0358333333333333,10.3595154724563,1
2003,15,0.0512064159253782,NA,NA,NA,NA,NA
2003,91,NA,NA,NA,NA,NA,NA
2004,13,0.343739643690706,NA,NA,NA,NA,NA
2004,1,NA,NA,NA,NA,NA,NA
2004,14,0.376512672867486,NA,NA,NA,NA,NA
2004,2,0.0500713144914729,2004-05-02,0.616045202319546,0.370580847723705,0.370580847723705,0.0409120583972168
2004,15,0.409122336062459,NA,NA,NA,NA,NA
2004,3,0.0692603483390904,NA,NA,NA,NA,NA
2004,16,0.441255984973993,NA,NA,NA,NA,NA
2004,17,0.472600971300458,2004-05-17,1.2434104892659,1.38388442611087,2.97508840972656,0.328449221008758
2004,18,0.504413679129417,NA,NA,NA,NA,NA
2004,19,0.537147803018062,2004-05-19,1.77492382337259,1.72584169453735,4.70093010426391,0.518981831166493
2004,20,0.569212351563344,NA,NA,NA,NA,NA
2004,21,0.599067556785424,2004-05-21,2.26919465776203,2.20131422564147,6.90224432990538,0.762006522548316
2004,22,0.626721327537733,NA,NA,NA,NA,NA
2004,23,0.6530946915629,NA,NA,NA,NA,NA
2004,24,0.67811747973234,NA,NA,NA,NA,NA
2004,25,0.701719522917471,NA,NA,NA,NA,NA
2004,4,0.0898018221291211,2004-05-04,0.241131233436331,0.346704741163791,0.717285588887496,0.0791881989592905
2004,26,0.72383065198971,NA,NA,NA,NA,NA
2004,5,0.112274799334475,NA,NA,NA,NA,NA
2004,27,0.744380697820473,NA,NA,NA,NA,NA
2004,6,0.136016649299564,2004-05-06,0.62368529413456,0.873918394728195,1.59120398361569,0.17566863128368
2004,28,0.763299491281178,NA,NA,NA,NA,NA
2004,29,0.78051686324324,NA,NA,NA,NA,NA
2004,30,0.795962644578079,NA,NA,NA,NA,NA
2004,31,0.809566666157108,NA,NA,NA,NA,NA
2004,32,0.821258758851747,2004-06-01,0.122688995272582,0.303512011244569,7.20575634114994,0.795514193558753
2004,33,0.828180701812209,NA,NA,NA,NA,NA
2004,34,0.833666169282838,2004-06-03,0.144156886213875,0.478636170031519,7.68439251118146,0.848355539946814
2004,35,0.840275292858561,NA,NA,NA,NA,NA
2004,36,0.846990798086971,2004-06-05,0.00658831541731291,0.0652706131078224,7.74966312428929,0.855561403799445
2004,37,0.854863598498701,NA,NA,NA,NA,NA
2004,7,0.161179087903352,NA,NA,NA,NA,NA
2004,38,0.862468356052659,NA,NA,NA,NA,NA
2004,8,0.188366698636744,NA,NA,NA,NA,NA
2004,39,0.869942257832877,NA,NA,NA,NA,NA
2004,9,0.21726683319811,NA,NA,NA,NA,NA
2004,40,0.877422490923391,NA,NA,NA,NA,NA
2004,41,0.885046242408233,NA,NA,NA,NA,NA
2004,42,0.892950699371439,NA,NA,NA,NA,NA
2004,43,0.901273048897041,NA,NA,NA,NA,NA
2004,44,0.910150478069074,NA,NA,NA,NA,NA
2004,45,0.919720173971572,NA,NA,NA,NA,NA
2004,46,0.930119323688568,2004-06-15,0.114667060377264,0.298158032443747,8.04782115673303,0.888477996521021
2004,47,0.94101469034214,NA,NA,NA,NA,NA
2004,48,0.952470148449177,2004-06-17,0.391876897110451,0.60554347826087,8.6533646349939,0.955329886727537
2004,10,0.247566843285819,NA,NA,NA,NA,NA
2004,49,0.964927609611427,NA,NA,NA,NA,NA
2004,11,0.278954080598242,NA,NA,NA,NA,NA
2004,50,0.978105156077091,2004-06-19,0.0740508573110891,0.404621255760369,9.05798589075427,1
2004,12,0.311115896833748,NA,NA,NA,NA,NA
2004,51,NA,NA,NA,NA,NA,NA
2004,52,NA,NA,NA,NA,NA,NA
2004,53,NA,NA,NA,NA,NA,NA
2004,54,NA,NA,NA,NA,NA,NA
2004,55,NA,NA,NA,NA,NA,NA
2004,56,NA,NA,NA,NA,NA,NA
2004,57,NA,NA,NA,NA,NA,NA
2004,58,NA,NA,NA,NA,NA,NA
2004,59,NA,NA,NA,NA,NA,NA
2004,60,NA,NA,NA,NA,NA,NA
2004,61,NA,NA,NA,NA,NA,NA
2004,62,NA,NA,NA,NA,NA,NA
2004,63,NA,NA,NA,NA,NA,NA
2004,64,NA,NA,NA,NA,NA,NA
2004,65,NA,NA,NA,NA,NA,NA
2004,66,NA,NA,NA,NA,NA,NA
2004,67,NA,NA,NA,NA,NA,NA
2004,68,NA,NA,NA,NA,NA,NA
2004,69,NA,NA,NA,NA,NA,NA
2004,70,NA,NA,NA,NA,NA,NA
2004,71,NA,NA,NA,NA,NA,NA
2004,72,NA,NA,NA,NA,NA,NA
2004,73,NA,NA,NA,NA,NA,NA
2004,74,NA,NA,NA,NA,NA,NA
2004,75,NA,NA,NA,NA,NA,NA
2004,76,NA,NA,NA,NA,NA,NA
2004,77,NA,NA,NA,NA,NA,NA
2004,78,NA,NA,NA,NA,NA,NA
2004,79,NA,NA,NA,NA,NA,NA
2004,80,NA,NA,NA,NA,NA,NA
2004,81,NA,NA,NA,NA,NA,NA
2004,82,NA,NA,NA,NA,NA,NA
2004,83,NA,NA,NA,NA,NA,NA
2004,84,NA,NA,NA,NA,NA,NA
2004,85,NA,NA,NA,NA,NA,NA
2004,86,NA,NA,NA,NA,NA,NA
2004,87,NA,NA,NA,NA,NA,NA
2004,88,NA,NA,NA,NA,NA,NA
2004,89,NA,NA,NA,NA,NA,NA
2004,90,NA,NA,NA,NA,NA,NA
2004,91,NA,NA,NA,NA,NA,NA
2005,13,0.0278136105448266,NA,NA,NA,NA,NA
2005,14,0.033946458874068,NA,NA,NA,NA,NA
2005,15,0.0408824534257706,NA,NA,NA,NA,NA
2005,16,0.0486255721424782,NA,NA,NA,NA,NA
2005,17,0.0571797929667348,NA,NA,NA,NA,NA
2005,1,NA,NA,NA,NA,NA,NA
2005,18,0.0665490938410842,NA,NA,NA,NA,NA
2005,2,NA,NA,NA,NA,NA,NA
2005,19,0.0767374527080704,NA,NA,NA,NA,NA
2005,3,NA,NA,NA,NA,NA,NA
2005,20,0.0877488475102373,NA,NA,NA,NA,NA
2005,21,0.0995872561901287,2005-05-21,0.187052564102564,0.212307692307692,0.449695185766614,0.0604159230186978
2005,22,0.111405833590437,NA,NA,NA,NA,NA
2005,23,0.124407738200952,2005-05-23,0.54336313560988,0.713985698985699,1.16368088475231,0.156338909058309
2005,24,0.134826061985388,NA,NA,NA,NA,NA
2005,25,0.147717165494752,2005-05-25,0.00307539094650206,0.0585185185185185,1.22219940327083,0.16420079066586
2005,26,0.169892315152997,NA,NA,NA,NA,NA
2005,27,0.196743568191711,NA,NA,NA,NA,NA
2005,28,0.227455997116467,NA,NA,NA,NA,NA
2005,29,0.26121467443284,NA,NA,NA,NA,NA
2005,4,NA,NA,NA,NA,NA,NA
2005,30,0.297204672646401,NA,NA,NA,NA,NA
2005,5,NA,NA,NA,NA,NA,NA
2005,31,0.334611064262725,NA,NA,NA,NA,NA
2005,6,0.00720530298527556,2005-05-06,0,0,0,0
2005,32,0.372618921787385,NA,NA,NA,NA,NA
2005,33,0.410413317725954,NA,NA,NA,NA,NA
2005,34,0.447179324584006,NA,NA,NA,NA,NA
2005,35,0.482102014867113,2005-06-04,1.00834110413396,1.05406593406593,2.27626533733677,0.305813083491716
2005,36,0.51809534864813,NA,NA,NA,NA,NA
2005,37,0.554946407795105,2005-06-06,1.01558109891018,1.63286422578185,3.90912956311861,0.525186122134874
2005,38,0.591903808447165,NA,NA,NA,NA,NA
2005,39,0.627786008645996,2005-06-08,2.54052875696491,2.2795035321821,6.18863309530072,0.831434252602158
2005,40,0.660713981209492,NA,NA,NA,NA,NA
2005,7,0.0077914457174609,NA,NA,NA,NA,NA
2005,41,0.692778753389052,NA,NA,NA,NA,NA
2005,8,0.00915570054232574,2005-05-08,0.00362435897435897,0.0466025641025641,0.0466025641025641,0.00626098969793212
2005,42,0.723784924887136,NA,NA,NA,NA,NA
2005,9,0.0112747958364568,NA,NA,NA,NA,NA
2005,43,0.753537095406203,NA,NA,NA,NA,NA
2005,44,0.78183986464871,NA,NA,NA,NA,NA
2005,45,0.808497832317118,NA,NA,NA,NA,NA
2005,46,0.833315598113885,NA,NA,NA,NA,NA
2005,47,0.85609776174147,NA,NA,NA,NA,NA
2005,48,0.876648922902332,NA,NA,NA,NA,NA
2005,49,0.89477368129893,NA,NA,NA,NA,NA
2005,50,0.910276636633722,2005-06-19,0.000758974358974359,0.0138461538461538,6.20247924914687,0.833294464121763
2005,51,0.923405584016415,NA,NA,NA,NA,NA
2005,52,0.934437718301494,2005-06-21,0.466021877240348,0.646735459662289,6.84921470880916,0.920182474002966
2005,10,0.0141941634664301,2005-05-10,0.0628525673063574,0.190784929356358,0.237387493458922,0.0318926797180772
2005,53,0.94320851946053,NA,NA,NA,NA,NA
2005,11,0.0179414407835515,NA,NA,NA,NA,NA
2005,54,0.949901805176494,2005-06-23,0.247980813542844,0.594107569449184,7.44332227825834,1
2005,12,0.0224799304955024,NA,NA,NA,NA,NA
2005,55,NA,NA,NA,NA,NA,NA
2005,56,NA,NA,NA,NA,NA,NA
2005,57,NA,NA,NA,NA,NA,NA
2005,58,NA,NA,NA,NA,NA,NA
2005,59,NA,NA,NA,NA,NA,NA
2005,60,NA,NA,NA,NA,NA,NA
2005,61,NA,NA,NA,NA,NA,NA
2005,62,NA,NA,NA,NA,NA,NA
2005,63,NA,NA,NA,NA,NA,NA
2005,64,NA,NA,NA,NA,NA,NA
2005,65,NA,NA,NA,NA,NA,NA
2005,66,NA,NA,NA,NA,NA,NA
2005,67,NA,NA,NA,NA,NA,NA
2005,68,NA,NA,NA,NA,NA,NA
2005,69,NA,NA,NA,NA,NA,NA
2005,70,NA,NA,NA,NA,NA,NA
2005,71,NA,NA,NA,NA,NA,NA
2005,72,NA,NA,NA,NA,NA,NA
2005,73,NA,NA,NA,NA,NA,NA
2005,74,NA,NA,NA,NA,NA,NA
2005,75,NA,NA,NA,NA,NA,NA
2005,76,NA,NA,NA,NA,NA,NA
2005,77,NA,NA,NA,NA,NA,NA
2005,78,NA,NA,NA,NA,NA,NA
2005,79,NA,NA,NA,NA,NA,NA
2005,80,NA,NA,NA,NA,NA,NA
2005,81,NA,NA,NA,NA,NA,NA
2005,82,NA,NA,NA,NA,NA,NA
2005,83,NA,NA,NA,NA,NA,NA
2005,84,NA,NA,NA,NA,NA,NA
2005,85,NA,NA,NA,NA,NA,NA
2005,86,NA,NA,NA,NA,NA,NA
2005,87,NA,NA,NA,NA,NA,NA
2005,88,NA,NA,NA,NA,NA,NA
2005,89,NA,NA,NA,NA,NA,NA
2005,90,NA,NA,NA,NA,NA,NA
2005,91,NA,NA,NA,NA,NA,NA
2006,16,0.23170505521496,2006-05-16,NA,0.57,3.17850340136054,0.304236009406991
2006,17,0.263876803323188,2006-05-17,NA,0,3.17850340136054,0.304236009406991
2006,18,0.293479652676276,NA,NA,NA,NA,NA
2006,19,0.321398587633072,NA,NA,NA,NA,NA
2006,20,0.34851859255242,NA,NA,NA,NA,NA
2006,21,0.375724651793168,NA,NA,NA,NA,NA
2006,22,0.403901749714161,NA,NA,NA,NA,NA
2006,23,0.433934870674245,NA,NA,NA,NA,NA
2006,24,0.466708999032266,NA,NA,NA,NA,NA
2006,25,0.503109119147069,2006-05-25,0.515897435897436,0.718461538461538,3.89696493982208,0.373004811504351
2006,1,NA,NA,NA,NA,NA,NA
2006,26,0.543486347977974,NA,NA,NA,NA,NA
2006,2,NA,NA,NA,NA,NA,NA
2006,27,0.585232332102397,2006-05-27,1.71946742281033,1.79652173913043,5.69348667895252,0.544962030267117
2006,3,NA,NA,NA,NA,NA,NA
2006,4,NA,NA,NA,NA,NA,NA
2006,5,NA,NA,NA,NA,NA,NA
2006,28,0.624792850306335,NA,NA,NA,NA,NA
2006,29,0.658613681375784,2006-05-29,1.15098817510962,2.12859243697479,7.82207911592731,0.748703976367257
2006,30,0.687495516657405,2006-05-30,NA,0.41,8.23207911592731,0.787947843088769
2006,31,0.714664584397063,NA,NA,NA,NA,NA
2006,32,0.740204968729565,NA,NA,NA,NA,NA
2006,33,0.764200753789719,NA,NA,NA,NA,NA
2006,34,0.786736023712331,NA,NA,NA,NA,NA
2006,6,NA,NA,NA,NA,NA,NA
2006,35,0.807894862632209,NA,NA,NA,NA,NA
2006,7,NA,NA,NA,NA,NA,NA
2006,36,0.827761354684158,NA,NA,NA,NA,NA
2006,8,NA,NA,NA,NA,NA,NA
2006,9,NA,NA,NA,NA,NA,NA
2006,37,0.846419584002987,NA,NA,NA,NA,NA
2006,38,0.863953634723502,NA,NA,NA,NA,NA
2006,39,0.880447590980509,NA,NA,NA,NA,NA
2006,40,0.895985536908817,2006-06-09,0.124690909090909,0.42,8.65207911592731,0.828148877291294
2006,41,0.909703878291308,NA,NA,NA,NA,NA
2006,42,0.921349679414291,2006-06-11,0.209203758049531,0.675572998430141,9.32765211435745,0.892812527806038
2006,43,0.931923012167706,NA,NA,NA,NA,NA
2006,44,0.942423948441496,2006-06-13,0.691987878787879,0.943333333333333,10.2709854476908,0.983105326848216
2006,45,0.952642255456822,NA,NA,NA,NA,NA
2006,10,NA,NA,NA,NA,NA,NA
2006,46,0.96172353156886,NA,NA,NA,NA,NA
2006,11,0.0546953722578288,2006-05-11,0,0,0,0
2006,47,0.969701595368576,NA,NA,NA,NA,NA
2006,12,0.0926553476080976,NA,NA,NA,NA,NA
2006,48,0.976610265446936,NA,NA,NA,NA,NA
2006,49,0.982483360394904,NA,NA,NA,NA,NA
2006,50,0.987354698803446,NA,NA,NA,NA,NA
2006,51,0.991258099263528,NA,NA,NA,NA,NA
2006,52,0.994227380366114,NA,NA,NA,NA,NA
2006,53,0.99629636070217,NA,NA,NA,NA,NA
2006,54,0.997498858862662,2006-06-23,0.00769043709007083,0.079395858535544,10.3503813062263,0.990704840239945
2006,55,0.997868693438555,NA,NA,NA,NA,NA
2006,56,0.997439683020814,2006-06-25,0.00316,0.046,10.3963813062263,0.995107810652603
2006,13,0.129419380928384,2006-05-13,0.598654506329433,1.13350340136054,1.13350340136054,0.108495259539937
2006,57,0.996248465431467,NA,NA,NA,NA,NA
2006,14,0.164215093521663,NA,NA,NA,NA,NA
2006,58,0.994154341251674,2006-06-27,0.00331111111111111,0.0511111111111111,10.4474924173374,1
2006,15,0.198074751865016,2006-05-15,1.21537272727273,1.475,2.60850340136054,0.249677462989279
2006,59,NA,NA,NA,NA,NA,NA
2006,60,NA,NA,NA,NA,NA,NA
2006,61,NA,NA,NA,NA,NA,NA
2006,62,NA,NA,NA,NA,NA,NA
2006,63,NA,NA,NA,NA,NA,NA
2006,64,NA,NA,NA,NA,NA,NA
2006,65,NA,NA,NA,NA,NA,NA
2006,66,NA,NA,NA,NA,NA,NA
2006,67,NA,NA,NA,NA,NA,NA
2006,68,NA,NA,NA,NA,NA,NA
2006,69,NA,NA,NA,NA,NA,NA
2006,70,NA,NA,NA,NA,NA,NA
2006,71,NA,NA,NA,NA,NA,NA
2006,72,NA,NA,NA,NA,NA,NA
2006,73,NA,NA,NA,NA,NA,NA
2006,74,NA,NA,NA,NA,NA,NA
2006,75,NA,NA,NA,NA,NA,NA
2006,76,NA,NA,NA,NA,NA,NA
2006,77,NA,NA,NA,NA,NA,NA
2006,78,NA,NA,NA,NA,NA,NA
2006,79,NA,NA,NA,NA,NA,NA
2006,80,NA,NA,NA,NA,NA,NA
2006,81,NA,NA,NA,NA,NA,NA
2006,82,NA,NA,NA,NA,NA,NA
2006,83,NA,NA,NA,NA,NA,NA
2006,84,NA,NA,NA,NA,NA,NA
2006,85,NA,NA,NA,NA,NA,NA
2006,86,NA,NA,NA,NA,NA,NA
2006,87,NA,NA,NA,NA,NA,NA
2006,88,NA,NA,NA,NA,NA,NA
2006,89,NA,NA,NA,NA,NA,NA
2006,90,NA,NA,NA,NA,NA,NA
2006,91,NA,NA,NA,NA,NA,NA
2007,13,0.268547537499917,NA,NA,NA,NA,NA
2007,1,NA,NA,NA,NA,NA,NA
2007,14,0.29527347489207,2007-05-14,1.51381025641026,1.29461538461538,1.60650641025641,0.155240621270276
2007,2,-0.0114728185382692,2007-05-02,0.0575641025641026,0.0884615384615385,0.0884615384615385,0.00854825359028712
2007,15,0.322144040892422,NA,NA,NA,NA,NA
2007,16,0.3492168060179,2007-05-16,2.20024406800197,2.59356215213358,4.20006856238999,0.40586283928933
2007,17,0.376757751714054,NA,NA,NA,NA,NA
2007,18,0.404519431230488,2007-05-18,0.879092374238474,0.940069991960748,5.14013855435074,0.496704088759501
2007,19,0.433295494995634,NA,NA,NA,NA,NA
2007,20,0.463982152940195,NA,NA,NA,NA,NA
2007,21,0.496058600033034,NA,NA,NA,NA,NA
2007,22,0.529004031243014,NA,NA,NA,NA,NA
2007,23,0.562297641539001,NA,NA,NA,NA,NA
2007,3,0.0126450937357436,NA,NA,NA,NA,NA
2007,24,0.595418625889857,NA,NA,NA,NA,NA
2007,4,0.0370321526140563,2007-05-04,0.069533453525641,0.223429487179487,0.311891025641026,0.0301387882924217
2007,25,0.627846179264448,NA,NA,NA,NA,NA
2007,5,0.0617756398971271,NA,NA,NA,NA,NA
2007,26,0.659059496631636,NA,NA,NA,NA,NA
2007,27,0.688537772960286,NA,NA,NA,NA,NA
2007,28,0.715760203219263,NA,NA,NA,NA,NA
2007,29,0.740205982377429,NA,NA,NA,NA,NA
2007,30,0.76135430540365,2007-05-30,2.17970769230769,1.73923076923077,6.87936932358151,0.664770187608537
2007,31,0.779838531827522,NA,NA,NA,NA,NA
2007,32,0.797145479081209,2007-06-01,1.36422590045385,2.00464811783961,8.88401744142111,0.858484210319495
2007,33,0.812316978134655,NA,NA,NA,NA,NA
2007,34,0.826525324480511,2007-06-03,0.0153582673885881,0.0906122448979592,8.97462968631907,0.867240291903015
2007,35,0.841000156242518,NA,NA,NA,NA,NA
2007,36,0.854374004956343,NA,NA,NA,NA,NA
2007,6,0.0867990126746667,NA,NA,NA,NA,NA
2007,37,0.866706289346641,NA,NA,NA,NA,NA
2007,7,0.112087367631643,NA,NA,NA,NA,NA
2007,38,0.878056428138068,NA,NA,NA,NA,NA
2007,8,0.137625801453026,NA,NA,NA,NA,NA
2007,39,0.88848384005528,NA,NA,NA,NA,NA
2007,40,0.898047943822933,NA,NA,NA,NA,NA
2007,41,0.906808158165682,NA,NA,NA,NA,NA
2007,42,0.914823901808183,NA,NA,NA,NA,NA
2007,43,0.922154593475091,NA,NA,NA,NA,NA
2007,44,0.928859651891063,2007-06-13,0.000413223140495868,0.00909090909090909,8.98372059540998,0.868118768556563
2007,45,0.934719519611532,NA,NA,NA,NA,NA
2007,46,0.939861369531179,2007-06-15,0.273349754658538,0.634693446088795,9.61841404149878,0.929450739756896
2007,47,0.944583344624846,NA,NA,NA,NA,NA
2007,9,0.163399410823782,NA,NA,NA,NA,NA
2007,48,0.948693134621206,2007-06-17,0.205797435897436,0.628461538461538,10.2468755799603,0.990180506567892
2007,10,0.189393292428881,NA,NA,NA,NA,NA
2007,49,0.952478900082482,NA,NA,NA,NA,NA
2007,11,0.215592542953291,NA,NA,NA,NA,NA
2007,50,0.95632400628852,NA,NA,NA,NA,NA
2007,51,0.960215094680027,NA,NA,NA,NA,NA
2007,52,0.964138806697709,NA,NA,NA,NA,NA
2007,53,0.968081783782273,NA,NA,NA,NA,NA
2007,54,0.972030667374425,NA,NA,NA,NA,NA
2007,55,0.975972098914873,NA,NA,NA,NA,NA
2007,56,0.979892719844322,NA,NA,NA,NA,NA
2007,57,0.98377917160348,NA,NA,NA,NA,NA
2007,58,0.987618095633053,NA,NA,NA,NA,NA
2007,59,0.991396133373748,NA,NA,NA,NA,NA
2007,60,0.995099926266271,NA,NA,NA,NA,NA
2007,61,0.998716115751328,NA,NA,NA,NA,NA
2007,62,1.00223134326963,NA,NA,NA,NA,NA
2007,63,1.00563225026187,NA,NA,NA,NA,NA
2007,64,1.00890547816878,NA,NA,NA,NA,NA
2007,65,1.01203766843104,NA,NA,NA,NA,NA
2007,66,1.01501546248937,NA,NA,NA,NA,NA
2007,67,1.01782550178447,NA,NA,NA,NA,NA
2007,68,1.02045442775706,NA,NA,NA,NA,NA
2007,69,1.02288888184783,NA,NA,NA,NA,NA
2007,70,1.0251155054975,NA,NA,NA,NA,NA
2007,71,1.02712094014677,NA,NA,NA,NA,NA
2007,72,1.02889182723635,NA,NA,NA,NA,NA
2007,73,1.03041480820694,NA,NA,NA,NA,NA
2007,74,1.03167652449925,NA,NA,NA,NA,NA
2007,75,1.03266361755399,NA,NA,NA,NA,NA
2007,76,1.03336272881186,NA,NA,NA,NA,NA
2007,77,1.03376049971357,NA,NA,NA,NA,NA
2007,78,1.03384357169983,NA,NA,NA,NA,NA
2007,79,1.03359858621135,NA,NA,NA,NA,NA
2007,80,1.03301218468882,NA,NA,NA,NA,NA
2007,81,1.03207100857296,NA,NA,NA,NA,NA
2007,82,1.03076169930447,NA,NA,NA,NA,NA
2007,83,1.02907089832407,NA,NA,NA,NA,NA
2007,84,1.02698524707245,NA,NA,NA,NA,NA
2007,85,1.02449138699032,NA,NA,NA,NA,NA
2007,86,1.0215759595184,NA,NA,NA,NA,NA
2007,87,1.01822560609738,NA,NA,NA,NA,NA
2007,88,1.01442696816797,NA,NA,NA,NA,NA
2007,89,1.01016668717089,NA,NA,NA,NA,NA
2007,90,1.00543140454683,NA,NA,NA,NA,NA
2007,91,1.0002077617365,2007-04-30,0.0431054176144555,0.101616954474097,10.3484925344344,1
2007,12,0.24198225908198,NA,NA,NA,NA,NA
2008,13,0.308850759166836,NA,NA,NA,NA,NA
2008,14,0.32179601194541,NA,NA,NA,NA,NA
2008,1,NA,NA,NA,NA,NA,NA
2008,15,0.334535035276288,NA,NA,NA,NA,NA
2008,2,NA,NA,NA,NA,NA,NA
2008,16,0.347570308874726,NA,NA,NA,NA,NA
2008,3,0.0748740648490717,2008-05-03,0.00163974358974359,0.0230769230769231,0.0230769230769231,0.00239766471001572
2008,17,0.36140431245598,2008-05-17,0.455602272727273,0.3025,3.36373618678241,0.349488167116877
2008,18,0.371449956986779,NA,NA,NA,NA,NA
2008,19,0.380896548813046,2008-05-19,0.170967110926003,0.216972789115646,3.58070897589805,0.372031380428382
2008,20,0.391990329590324,NA,NA,NA,NA,NA
2008,21,0.404366532858119,2008-05-21,0.559409090909091,0.469090909090909,4.04979988498896,0.420769364897429
2008,22,0.422258724895124,NA,NA,NA,NA,NA
2008,23,0.443960316581658,NA,NA,NA,NA,NA
2008,24,0.468811635430156,NA,NA,NA,NA,NA
2008,25,0.496153008953052,NA,NA,NA,NA,NA
2008,4,0.110195861190414,NA,NA,NA,NA,NA
2008,26,0.525324764662781,NA,NA,NA,NA,NA
2008,5,0.142916750571588,2008-05-05,1.33780761052597,1.3735438790901,1.39662080216702,0.145107231127287
2008,27,0.555667230071777,NA,NA,NA,NA,NA
2008,6,0.17192690474481,NA,NA,NA,NA,NA
2008,28,0.586520732692474,NA,NA,NA,NA,NA
2008,29,0.617225600037307,NA,NA,NA,NA,NA
2008,30,0.64712215961871,NA,NA,NA,NA,NA
2008,31,0.675550738949117,NA,NA,NA,NA,NA
2008,32,0.701851665540962,2008-06-01,0.81561214978584,1.44092857142857,5.49072845641753,0.57048012026336
2008,33,0.728173740561872,NA,NA,NA,NA,NA
2008,34,0.755106626430908,2008-06-03,1.14856729315345,1.94901977436193,7.43974823077946,0.772980943988144
2008,35,0.780344608665185,NA,NA,NA,NA,NA
2008,36,0.803477747383074,2008-06-05,1.01025885546917,1.39343661277932,8.83318484355878,0.917757341646019
2008,37,0.825075047925715,NA,NA,NA,NA,NA
2008,7,0.198709560039446,2008-05-07,1.25491025641026,1.66461538461538,3.06123618678241,0.318058778876421
2008,38,0.845710055707422,NA,NA,NA,NA,NA
2008,8,0.22344426352457,NA,NA,NA,NA,NA
2008,39,0.865234862129423,NA,NA,NA,NA,NA
2008,9,0.244957859270462,NA,NA,NA,NA,NA
2008,40,0.883501558592945,NA,NA,NA,NA,NA
2008,41,0.900362236499216,NA,NA,NA,NA,NA
2008,42,0.915668987249465,NA,NA,NA,NA,NA
2008,43,0.929273902244918,NA,NA,NA,NA,NA
2008,44,0.941029072886805,NA,NA,NA,NA,NA
2008,45,0.950786590576352,NA,NA,NA,NA,NA
2008,46,0.958398546714788,NA,NA,NA,NA,NA
2008,47,0.96371703270334,2008-06-16,0.0137071428571429,0.1025,8.93568484355878,0.928406969066338
2008,48,0.966977059838499,NA,NA,NA,NA,NA
2008,49,0.968313119598494,2008-06-18,0.0127189245956732,0.153429951690821,9.0891147952496,0.94434815756024
2008,10,0.263752826992379,NA,NA,NA,NA,NA
2008,50,0.967488041731052,NA,NA,NA,NA,NA
2008,11,0.280331646405576,NA,NA,NA,NA,NA
2008,51,0.964701594061639,2008-06-20,0.13343605691226,0.535635062611807,9.62474985786141,1
2008,12,0.29519679722531,NA,NA,NA,NA,NA
2008,52,NA,NA,NA,NA,NA,NA
2008,53,NA,NA,NA,NA,NA,NA
2008,54,NA,NA,NA,NA,NA,NA
2008,55,NA,NA,NA,NA,NA,NA
2008,56,NA,NA,NA,NA,NA,NA
2008,57,NA,NA,NA,NA,NA,NA
2008,58,NA,NA,NA,NA,NA,NA
2008,59,NA,NA,NA,NA,NA,NA
2008,60,NA,NA,NA,NA,NA,NA
2008,61,NA,NA,NA,NA,NA,NA
2008,62,NA,NA,NA,NA,NA,NA
2008,63,NA,NA,NA,NA,NA,NA
2008,64,NA,NA,NA,NA,NA,NA
2008,65,NA,NA,NA,NA,NA,NA
2008,66,NA,NA,NA,NA,NA,NA
2008,67,NA,NA,NA,NA,NA,NA
2008,68,NA,NA,NA,NA,NA,NA
2008,69,NA,NA,NA,NA,NA,NA
2008,70,NA,NA,NA,NA,NA,NA
2008,71,NA,NA,NA,NA,NA,NA
2008,72,NA,NA,NA,NA,NA,NA
2008,73,NA,NA,NA,NA,NA,NA
2008,74,NA,NA,NA,NA,NA,NA
2008,75,NA,NA,NA,NA,NA,NA
2008,76,NA,NA,NA,NA,NA,NA
2008,77,NA,NA,NA,NA,NA,NA
2008,78,NA,NA,NA,NA,NA,NA
2008,79,NA,NA,NA,NA,NA,NA
2008,80,NA,NA,NA,NA,NA,NA
2008,81,NA,NA,NA,NA,NA,NA
2008,82,NA,NA,NA,NA,NA,NA
2008,83,NA,NA,NA,NA,NA,NA
2008,84,NA,NA,NA,NA,NA,NA
2008,85,NA,NA,NA,NA,NA,NA
2008,86,NA,NA,NA,NA,NA,NA
2008,87,NA,NA,NA,NA,NA,NA
2008,88,NA,NA,NA,NA,NA,NA
2008,89,NA,NA,NA,NA,NA,NA
2008,90,NA,NA,NA,NA,NA,NA
2008,91,NA,NA,NA,NA,NA,NA
2009,13,0.257813087142732,NA,NA,NA,NA,NA
2009,14,0.28819089329986,NA,NA,NA,NA,NA
2009,15,0.317685568156301,NA,NA,NA,NA,NA
2009,16,0.346259669490731,NA,NA,NA,NA,NA
2009,17,0.373875755081831,NA,NA,NA,NA,NA
2009,18,0.400496382708278,NA,NA,NA,NA,NA
2009,1,NA,NA,NA,NA,NA,NA
2009,19,0.42608411014875,NA,NA,NA,NA,NA
2009,2,NA,NA,NA,NA,NA,NA
2009,20,0.450601495181925,NA,NA,NA,NA,NA
2009,3,NA,NA,NA,NA,NA,NA
2009,21,0.474011095586481,NA,NA,NA,NA,NA
2009,22,0.496275469141096,2009-05-22,1.3360722396651,1.4867032967033,3.37712846677132,0.387629588947538
2009,23,0.517558457525149,NA,NA,NA,NA,NA
2009,24,0.5380697251481,2009-05-24,1.64759358974359,1.88461538461538,5.26174385138671,0.603947296150749
2009,25,0.555194701293592,NA,NA,NA,NA,NA
2009,26,0.571568636167705,2009-05-26,0.0552566666666667,0.138333333333333,5.40007718472004,0.61982531016927
2009,27,0.589155862214022,NA,NA,NA,NA,NA
2009,28,0.604896435255988,NA,NA,NA,NA,NA
2009,29,0.619159963620857,NA,NA,NA,NA,NA
2009,30,0.632316055635886,NA,NA,NA,NA,NA
2009,4,NA,NA,NA,NA,NA,NA
2009,31,0.644734319628327,NA,NA,NA,NA,NA
2009,5,NA,NA,NA,NA,NA,NA
2009,32,0.656784363925438,NA,NA,NA,NA,NA
2009,6,NA,NA,NA,NA,NA,NA
2009,33,0.668835796854472,NA,NA,NA,NA,NA
2009,34,0.681258226742686,NA,NA,NA,NA,NA
2009,35,0.694421261917333,NA,NA,NA,NA,NA
2009,36,0.70869451070567,2009-06-05,2.77777777777778e-05,0.00444444444444444,5.40452162916449,0.620335447165849
2009,37,0.721683341704528,NA,NA,NA,NA,NA
2009,38,0.73486920787466,2009-06-07,0.628390344300986,0.942721088435374,6.34724271759986,0.728541750715723
2009,39,0.750932023787805,NA,NA,NA,NA,NA
2009,40,0.767016248457497,2009-06-09,0.727192307692308,1.10615384615385,7.45339656375371,0.855507000902751
2009,41,0.782575890528495,NA,NA,NA,NA,NA
2009,7,0.0577017055480315,2009-05-07,0.0660537996988434,0.188916797488226,0.188916797488226,0.0216840257266426
2009,42,0.798403441646538,NA,NA,NA,NA,NA
2009,8,0.0932883474596413,NA,NA,NA,NA,NA
2009,43,0.814387177848923,NA,NA,NA,NA,NA
2009,9,0.127935104463877,2009-05-09,0.777681507389598,1.21246598639456,1.40138278388278,0.160851870996183
2009,44,0.830415375172947,NA,NA,NA,NA,NA
2009,45,0.846376309655906,NA,NA,NA,NA,NA
2009,46,0.862158257335096,NA,NA,NA,NA,NA
2009,47,0.877649494247814,NA,NA,NA,NA,NA
2009,48,0.892738296431356,NA,NA,NA,NA,NA
2009,49,0.907312939923019,NA,NA,NA,NA,NA
2009,50,0.921261700760099,NA,NA,NA,NA,NA
2009,51,0.934472854979893,2009-06-20,0.112051327098557,0.402894248608534,7.85629081236224,0.901751534835676
2009,52,0.94711562344111,NA,NA,NA,NA,NA
2009,53,0.959313499276957,2009-06-22,0.234777777777778,0.484444444444444,8.34073525680668,0.957356467462787
2009,10,0.161696888480024,NA,NA,NA,NA,NA
2009,54,0.970925075514679,NA,NA,NA,NA,NA
2009,11,0.194557849811702,2009-05-11,0.427525866893068,0.489042386185243,1.89042517006803,0.216984559166066
2009,55,0.982077570327733,2009-06-24,0.0527500888920748,0.371521400226757,8.71225665703344,1
2009,12,0.226589591906239,NA,NA,NA,NA,NA
2009,56,NA,NA,NA,NA,NA,NA
2009,57,NA,NA,NA,NA,NA,NA
2009,58,NA,NA,NA,NA,NA,NA
2009,59,NA,NA,NA,NA,NA,NA
2009,60,NA,NA,NA,NA,NA,NA
2009,61,NA,NA,NA,NA,NA,NA
2009,62,NA,NA,NA,NA,NA,NA
2009,63,NA,NA,NA,NA,NA,NA
2009,64,NA,NA,NA,NA,NA,NA
2009,65,NA,NA,NA,NA,NA,NA
2009,66,NA,NA,NA,NA,NA,NA
2009,67,NA,NA,NA,NA,NA,NA
2009,68,NA,NA,NA,NA,NA,NA
2009,69,NA,NA,NA,NA,NA,NA
2009,70,NA,NA,NA,NA,NA,NA
2009,71,NA,NA,NA,NA,NA,NA
2009,72,NA,NA,NA,NA,NA,NA
2009,73,NA,NA,NA,NA,NA,NA
2009,74,NA,NA,NA,NA,NA,NA
2009,75,NA,NA,NA,NA,NA,NA
2009,76,NA,NA,NA,NA,NA,NA
2009,77,NA,NA,NA,NA,NA,NA
2009,78,NA,NA,NA,NA,NA,NA
2009,79,NA,NA,NA,NA,NA,NA
2009,80,NA,NA,NA,NA,NA,NA
2009,81,NA,NA,NA,NA,NA,NA
2009,82,NA,NA,NA,NA,NA,NA
2009,83,NA,NA,NA,NA,NA,NA
2009,84,NA,NA,NA,NA,NA,NA
2009,85,NA,NA,NA,NA,NA,NA
2009,86,NA,NA,NA,NA,NA,NA
2009,87,NA,NA,NA,NA,NA,NA
2009,88,NA,NA,NA,NA,NA,NA
2009,89,NA,NA,NA,NA,NA,NA
2009,90,NA,NA,NA,NA,NA,NA
2009,91,NA,NA,NA,NA,NA,NA
2010,13,0.154647831518004,NA,NA,NA,NA,NA
2010,14,0.209481292931494,2010-05-14,2.09868,2.284,2.35309090909091,0.227801667139977
2010,15,0.260571278919683,NA,NA,NA,NA,NA
2010,16,0.308906719712174,2010-05-16,1.9328696969697,2.25166666666667,4.60475757575758,0.445784499222036
2010,17,0.354719555444662,NA,NA,NA,NA,NA
2010,18,0.397284880816747,NA,NA,NA,NA,NA
2010,19,0.436908705697264,NA,NA,NA,NA,NA
2010,20,0.473897039955053,NA,NA,NA,NA,NA
2010,21,0.50855589345895,NA,NA,NA,NA,NA
2010,22,0.541191276077794,NA,NA,NA,NA,NA
2010,23,0.572109197680422,NA,NA,NA,NA,NA
2010,1,NA,NA,NA,NA,NA,NA
2010,24,0.601615668135672,NA,NA,NA,NA,NA
2010,2,NA,NA,NA,NA,NA,NA
2010,25,0.630016697312382,2010-05-25,2.23481212069596,1.31741928878575,5.92217686454332,0.573323264999556
2010,3,NA,NA,NA,NA,NA,NA
2010,26,0.653157838805421,NA,NA,NA,NA,NA
2010,27,0.67456610080252,2010-05-27,0.0413717710293833,0.245595533498759,6.16777239804208,0.597099257570435
2010,28,0.696230205811827,NA,NA,NA,NA,NA
2010,29,0.716577969175421,2010-05-29,1.9522696969697,2.41833333333333,8.58610573137542,0.831217014306977
2010,30,0.737847397455597,NA,NA,NA,NA,NA
2010,31,0.757980902039806,NA,NA,NA,NA,NA
2010,32,0.777021921174795,NA,NA,NA,NA,NA
2010,33,0.795013893107313,NA,NA,NA,NA,NA
2010,4,NA,NA,NA,NA,NA,NA
2010,34,0.812000256084106,NA,NA,NA,NA,NA
2010,5,NA,NA,NA,NA,NA,NA
2010,35,0.828024448351923,NA,NA,NA,NA,NA
2010,6,NA,NA,NA,NA,NA,NA
2010,36,0.843129908157511,NA,NA,NA,NA,NA
2010,37,0.857360073747617,NA,NA,NA,NA,NA
2010,38,0.870758383368991,NA,NA,NA,NA,NA
2010,39,0.883368275268378,NA,NA,NA,NA,NA
2010,40,0.895233187692527,NA,NA,NA,NA,NA
2010,41,0.906396558888186,2010-06-10,0.0888332460545789,0.299301215984207,8.88540694735962,0.860192229720378
2010,42,0.916490910408751,NA,NA,NA,NA,NA
2010,43,0.925552233706182,2010-06-12,0.311363796125408,0.732471358428805,9.61787830578843,0.931102450799269
2010,44,0.934203833382134,NA,NA,NA,NA,NA
2010,45,0.942325560488544,2010-06-14,0.156858957272077,0.541287284144427,10.1591655899329,0.983504228075868
2010,46,0.949908171256326,NA,NA,NA,NA,NA
2010,7,NA,NA,NA,NA,NA,NA
2010,47,0.957198262415355,NA,NA,NA,NA,NA
2010,8,NA,NA,NA,NA,NA,NA
2010,48,0.964113057484095,NA,NA,NA,NA,NA
2010,9,NA,NA,NA,NA,NA,NA
2010,49,0.970569779981012,NA,NA,NA,NA,NA
2010,50,0.976485653424569,NA,NA,NA,NA,NA
2010,51,0.981777901333231,NA,NA,NA,NA,NA
2010,52,0.986363747225461,NA,NA,NA,NA,NA
2010,53,0.990160414619725,NA,NA,NA,NA,NA
2010,54,0.993085127034486,NA,NA,NA,NA,NA
2010,55,0.99505510798821,2010-06-24,0.00334102564102564,0.0407692307692308,10.1999348207021,0.987451078875964
2010,56,0.996219006188888,NA,NA,NA,NA,NA
2010,57,0.99659091837624,2010-06-26,0.00141634283990857,0.0493684190374086,10.2493032397395,0.992230413204842
2010,10,NA,NA,NA,NA,NA,NA
2010,58,0.995967627118531,NA,NA,NA,NA,NA
2010,11,NA,NA,NA,NA,NA,NA
2010,59,0.994492320248769,2010-06-28,0.00407863247863248,0.0802564102564103,10.3295596499959,1
2010,12,0.0967552317992249,2010-05-12,0.0152490909090909,0.0690909090909091,0.0690909090909091,0.00668865967494911
2010,60,NA,NA,NA,NA,NA,NA
2010,61,NA,NA,NA,NA,NA,NA
2010,62,NA,NA,NA,NA,NA,NA
2010,63,NA,NA,NA,NA,NA,NA
2010,64,NA,NA,NA,NA,NA,NA
2010,65,NA,NA,NA,NA,NA,NA
2010,66,NA,NA,NA,NA,NA,NA
2010,67,NA,NA,NA,NA,NA,NA
2010,68,NA,NA,NA,NA,NA,NA
2010,69,NA,NA,NA,NA,NA,NA
2010,70,NA,NA,NA,NA,NA,NA
2010,71,NA,NA,NA,NA,NA,NA
2010,72,NA,NA,NA,NA,NA,NA
2010,73,NA,NA,NA,NA,NA,NA
2010,74,NA,NA,NA,NA,NA,NA
2010,75,NA,NA,NA,NA,NA,NA
2010,76,NA,NA,NA,NA,NA,NA
2010,77,NA,NA,NA,NA,NA,NA
2010,78,NA,NA,NA,NA,NA,NA
2010,79,NA,NA,NA,NA,NA,NA
2010,80,NA,NA,NA,NA,NA,NA
2010,81,NA,NA,NA,NA,NA,NA
2010,82,NA,NA,NA,NA,NA,NA
2010,83,NA,NA,NA,NA,NA,NA
2010,84,NA,NA,NA,NA,NA,NA
2010,85,NA,NA,NA,NA,NA,NA
2010,86,NA,NA,NA,NA,NA,NA
2010,87,NA,NA,NA,NA,NA,NA
2010,88,NA,NA,NA,NA,NA,NA
2010,89,NA,NA,NA,NA,NA,NA
2010,90,NA,NA,NA,NA,NA,NA
2010,91,NA,NA,NA,NA,NA,NA
2011,1,0.0633619888763402,2011-05-01,0.0861113636363637,0.2275,0.2275,0.0265277623056326
2011,13,0.220612821676802,NA,NA,NA,NA,NA
2011,2,0.0744284453878349,NA,NA,NA,NA,NA
2011,14,0.237033874226376,NA,NA,NA,NA,NA
2011,3,0.0858162169822799,2011-05-03,0.661649843200702,0.724462821799778,0.951962821799778,0.111004147079138
2011,15,0.254192676018807,2011-05-15,0.237957193868934,0.7210061989352,1.93671051733362,0.225831192345692
2011,16,0.271265019089874,NA,NA,NA,NA,NA
2011,17,0.289023508109647,2011-05-17,0.0731366666666667,0.118333333333333,2.05504385066695,0.239629515596241
2011,18,0.306917436033537,NA,NA,NA,NA,NA
2011,19,0.326211840574873,2011-05-19,0.862689685800109,1.42695578231293,3.48199963297988,0.406020477415341
2011,20,0.349876783872129,NA,NA,NA,NA,NA
2011,21,0.377019115312054,NA,NA,NA,NA,NA
2011,22,0.407016620251891,NA,NA,NA,NA,NA
2011,23,0.439247084048887,NA,NA,NA,NA,NA
2011,4,0.0973813267182767,NA,NA,NA,NA,NA
2011,24,0.473088292060286,NA,NA,NA,NA,NA
2011,5,0.109351166440005,2011-05-05,0.0472195625560057,0.263741496598639,1.21570431839842,0.141757868977601
2011,25,0.507918029643333,NA,NA,NA,NA,NA
2011,6,0.121805887321639,NA,NA,NA,NA,NA
2011,26,0.543114082155273,NA,NA,NA,NA,NA
2011,27,0.578054234953353,NA,NA,NA,NA,NA
2011,28,0.612116273394817,NA,NA,NA,NA,NA
2011,29,0.644677982836909,NA,NA,NA,NA,NA
2011,30,0.675117148636876,2011-05-30,0.454720738518042,1.0440306122449,4.52603024522477,0.52776023970737
2011,31,0.705234259169286,NA,NA,NA,NA,NA
2011,32,0.734791481642993,2011-06-01,1.28456590909091,1.9125,6.43853024522477,0.750768351397578
2011,33,0.76259245891459,NA,NA,NA,NA,NA
2011,34,0.788730725796309,2011-06-03,0.859058293269231,1.48105769230769,7.91958793753247,0.92346789611172
2011,35,0.813221984591606,NA,NA,NA,NA,NA
2011,7,0.134568210273927,NA,NA,NA,NA,NA
2011,36,0.837057854015528,NA,NA,NA,NA,NA
2011,8,0.147691903693393,NA,NA,NA,NA,NA
2011,37,0.859957350227598,NA,NA,NA,NA,NA
2011,9,0.161230735976564,NA,NA,NA,NA,NA
2011,38,0.881639489387339,NA,NA,NA,NA,NA
2011,39,0.901823287654273,NA,NA,NA,NA,NA
2011,40,0.920227761187924,NA,NA,NA,NA,NA
2011,41,0.936571926147813,NA,NA,NA,NA,NA
2011,42,0.950574798693463,NA,NA,NA,NA,NA
2011,43,0.961955394984398,NA,NA,NA,NA,NA
2011,44,0.970432731180139,2011-06-13,0.0196232126834384,0.113454506802721,8.03304244433519,0.936697321118161
2011,45,0.9764847826208,NA,NA,NA,NA,NA
2011,46,0.980222479445052,2011-06-15,0.126887878787879,0.288333333333333,8.32137577766852,0.970318587630062
2011,10,0.175238475519966,NA,NA,NA,NA,NA
2011,47,0.981057679084975,NA,NA,NA,NA,NA
2011,11,0.189768890720122,NA,NA,NA,NA,NA
2011,48,0.979419828840385,2011-06-17,0.0554672727272727,0.254545454545455,8.57592123221398,1
2011,12,0.204875749973559,NA,NA,NA,NA,NA
2011,49,NA,NA,NA,NA,NA,NA
2011,50,NA,NA,NA,NA,NA,NA
2011,51,NA,NA,NA,NA,NA,NA
2011,52,NA,NA,NA,NA,NA,NA
2011,53,NA,NA,NA,NA,NA,NA
2011,54,NA,NA,NA,NA,NA,NA
2011,55,NA,NA,NA,NA,NA,NA
2011,56,NA,NA,NA,NA,NA,NA
2011,57,NA,NA,NA,NA,NA,NA
2011,58,NA,NA,NA,NA,NA,NA
2011,59,NA,NA,NA,NA,NA,NA
2011,60,NA,NA,NA,NA,NA,NA
2011,61,NA,NA,NA,NA,NA,NA
2011,62,NA,NA,NA,NA,NA,NA
2011,63,NA,NA,NA,NA,NA,NA
2011,64,NA,NA,NA,NA,NA,NA
2011,65,NA,NA,NA,NA,NA,NA
2011,66,NA,NA,NA,NA,NA,NA
2011,67,NA,NA,NA,NA,NA,NA
2011,68,NA,NA,NA,NA,NA,NA
2011,69,NA,NA,NA,NA,NA,NA
2011,70,NA,NA,NA,NA,NA,NA
2011,71,NA,NA,NA,NA,NA,NA
2011,72,NA,NA,NA,NA,NA,NA
2011,73,NA,NA,NA,NA,NA,NA
2011,74,NA,NA,NA,NA,NA,NA
2011,75,NA,NA,NA,NA,NA,NA
2011,76,NA,NA,NA,NA,NA,NA
2011,77,NA,NA,NA,NA,NA,NA
2011,78,NA,NA,NA,NA,NA,NA
2011,79,NA,NA,NA,NA,NA,NA
2011,80,NA,NA,NA,NA,NA,NA
2011,81,NA,NA,NA,NA,NA,NA
2011,82,NA,NA,NA,NA,NA,NA
2011,83,NA,NA,NA,NA,NA,NA
2011,84,NA,NA,NA,NA,NA,NA
2011,85,NA,NA,NA,NA,NA,NA
2011,86,NA,NA,NA,NA,NA,NA
2011,87,NA,NA,NA,NA,NA,NA
2011,88,NA,NA,NA,NA,NA,NA
2011,89,NA,NA,NA,NA,NA,NA
2011,90,NA,NA,NA,NA,NA,NA
2011,91,NA,NA,NA,NA,NA,NA
2012,16,0.324928877987061,NA,NA,NA,NA,NA
2012,17,0.340904457255529,NA,NA,NA,NA,NA
2012,1,NA,NA,NA,NA,NA,NA
2012,18,0.357084898370446,2012-05-18,0.000487272727272727,0.0154545454545455,2.26721540364398,0.302445204217342
2012,2,NA,NA,NA,NA,NA,NA
2012,19,0.372768989657412,NA,NA,NA,NA,NA
2012,3,0.132832014438364,2012-05-03,0.670026103973772,0.594411302982732,0.594411302982732,0.0792941189578911
2012,20,0.38781707031037,2012-05-20,0.00548392857142857,0.05375,2.32096540364398,0.309615422671466
2012,21,0.403078278025527,NA,NA,NA,NA,NA
2012,22,0.419401750499093,2012-05-22,2.60353636363636,1.66181818181818,3.98278358546216,0.531300992804888
2012,23,0.43723786827265,NA,NA,NA,NA,NA
2012,24,0.456296759922586,NA,NA,NA,NA,NA
2012,25,0.476317185197315,NA,NA,NA,NA,NA
2012,26,0.497037903845251,NA,NA,NA,NA,NA
2012,27,0.51819767561481,NA,NA,NA,NA,NA
2012,28,0.539535260254405,NA,NA,NA,NA,NA
2012,29,0.560789417512452,NA,NA,NA,NA,NA
2012,4,0.146727732414026,NA,NA,NA,NA,NA
2012,30,0.581698907137365,NA,NA,NA,NA,NA
2012,5,0.160770329301921,2012-05-05,0.845308974358974,0.483846153846154,1.07825745682889,0.143838911911651
2012,31,0.602002488877558,NA,NA,NA,NA,NA
2012,6,0.174941980243514,NA,NA,NA,NA,NA
2012,32,0.621438922481446,NA,NA,NA,NA,NA
2012,33,0.639746967697444,2012-06-02,0.399623076923077,0.663076923076923,4.64586050853908,0.61975506518349
2012,34,0.656665384273965,NA,NA,NA,NA,NA
2012,35,0.671932931959426,2012-06-04,1e-04,0.01,4.65586050853908,0.62108905931449
2012,36,0.685833338922155,NA,NA,NA,NA,NA
2012,37,0.698863792114889,2012-06-06,0.601121818181818,1.06272727272727,5.71858778126635,0.762856253781651
2012,38,0.711083239462655,NA,NA,NA,NA,NA
2012,39,0.722550628890479,NA,NA,NA,NA,NA
2012,40,0.733324908323388,NA,NA,NA,NA,NA
2012,41,0.743465025686409,NA,NA,NA,NA,NA
2012,7,0.189243567700879,2012-05-07,1.37597066247649,1.17350340136054,2.25176085818943,0.300383576923978
2012,42,0.753029928904567,NA,NA,NA,NA,NA
2012,8,0.203681903067714,NA,NA,NA,NA,NA
2012,43,0.762078565902889,NA,NA,NA,NA,NA
2012,9,0.218263797737718,NA,NA,NA,NA,NA
2012,44,0.770669884606401,NA,NA,NA,NA,NA
2012,45,0.778862832940131,NA,NA,NA,NA,NA
2012,46,0.786716358829104,NA,NA,NA,NA,NA
2012,47,0.794289410198348,NA,NA,NA,NA,NA
2012,48,0.801640934972887,2012-06-17,0.0102618181818182,0.0627272727272727,5.78131505399363,0.771224035148832
2012,49,0.808682095852591,NA,NA,NA,NA,NA
2012,50,0.815407213608797,2012-06-19,0.0925472727272727,0.334545454545455,6.11586050853908,0.815852202440462
2012,51,0.821999973273734,NA,NA,NA,NA,NA
2012,52,0.828644059879634,2012-06-21,0.0184628787878788,0.185833333333333,6.30169384187241,0.840642260041542
2012,53,0.835267506442473,NA,NA,NA,NA,NA
2012,10,0.232996063104587,NA,NA,NA,NA,NA
2012,54,0.841679911239691,NA,NA,NA,NA,NA
2012,11,0.24788551056202,NA,NA,NA,NA,NA
2012,55,0.847887307195718,NA,NA,NA,NA,NA
2012,12,0.262938951503714,NA,NA,NA,NA,NA
2012,56,0.853895727234979,NA,NA,NA,NA,NA
2012,57,0.859711204281903,NA,NA,NA,NA,NA
2012,58,0.865339771260918,NA,NA,NA,NA,NA
2012,59,0.87078746109645,NA,NA,NA,NA,NA
2012,60,0.876060306712929,NA,NA,NA,NA,NA
2012,61,0.88116434103478,NA,NA,NA,NA,NA
2012,62,0.886105596986433,NA,NA,NA,NA,NA
2012,63,0.890890107492314,NA,NA,NA,NA,NA
2012,64,0.895523905476852,NA,NA,NA,NA,NA
2012,65,0.900013023864473,NA,NA,NA,NA,NA
2012,66,0.904363495579606,NA,NA,NA,NA,NA
2012,67,0.908581353546677,NA,NA,NA,NA,NA
2012,68,0.912672630690116,NA,NA,NA,NA,NA
2012,69,0.916643359934349,NA,NA,NA,NA,NA
2012,70,0.920499574203803,NA,NA,NA,NA,NA
2012,71,0.924247306422907,NA,NA,NA,NA,NA
2012,72,0.927892589516089,NA,NA,NA,NA,NA
2012,73,0.931441456407775,NA,NA,NA,NA,NA
2012,74,0.934899940022394,NA,NA,NA,NA,NA
2012,75,0.938274073284372,NA,NA,NA,NA,NA
2012,76,0.941569889118139,NA,NA,NA,NA,NA
2012,77,0.94479342044812,NA,NA,NA,NA,NA
2012,78,0.947950700198745,NA,NA,NA,NA,NA
2012,79,0.95104776129444,NA,NA,NA,NA,NA
2012,80,0.954090636659633,2012-04-19,0.104407044237813,0.291318681318681,6.59301252319109,0.879504001154514
2012,81,0.957085359218752,NA,NA,NA,NA,NA
2012,82,0.960037961896224,2012-04-21,0.79767,0.818,7.41101252319109,0.988624721070298
2012,13,0.278163197323367,NA,NA,NA,NA,NA
2012,83,0.962989283674571,NA,NA,NA,NA,NA
2012,14,0.293565059414678,NA,NA,NA,NA,NA
2012,84,0.965896396446166,2012-04-23,0.0171883700950726,0.0852723311546841,7.49628485434578,1
2012,15,0.309151349171343,NA,NA,NA,NA,NA
2012,85,NA,NA,NA,NA,NA,NA
2012,86,NA,NA,NA,NA,NA,NA
2012,87,NA,NA,NA,NA,NA,NA
2012,88,NA,NA,NA,NA,NA,NA
2012,89,NA,NA,NA,NA,NA,NA
2012,90,NA,NA,NA,NA,NA,NA
2012,91,NA,NA,NA,NA,NA,NA
2013,13,0.210313445236021,NA,NA,NA,NA,NA
2013,14,0.239007546398226,NA,NA,NA,NA,NA
2013,15,0.267199257732968,NA,NA,NA,NA,NA
2013,16,0.294899856665302,NA,NA,NA,NA,NA
2013,17,0.322120620620281,NA,NA,NA,NA,NA
2013,18,0.348872827022959,NA,NA,NA,NA,NA
2013,1,NA,NA,NA,NA,NA,NA
2013,19,0.375167753298391,NA,NA,NA,NA,NA
2013,2,NA,NA,NA,NA,NA,NA
2013,20,0.401016676871632,NA,NA,NA,NA,NA
2013,3,NA,NA,NA,NA,NA,NA
2013,21,0.426430875167735,NA,NA,NA,NA,NA
2013,22,0.451421625611754,NA,NA,NA,NA,NA
2013,23,0.476000205628744,2013-05-23,4.18185614792359,2.41656331763475,4.8695701794136,0.415103339148374
2013,24,0.500651281943362,NA,NA,NA,NA,NA
2013,25,0.524512942934183,2013-05-25,0.524527818537148,0.779105180533752,5.64867535994735,0.481517652952617
2013,26,0.545891055312498,NA,NA,NA,NA,NA
2013,27,0.566673407949965,2013-05-27,3.46410710814938,2.33489795918367,7.98357331913103,0.680554509126355
2013,28,0.588097542605092,NA,NA,NA,NA,NA
2013,29,0.609115687299774,NA,NA,NA,NA,NA
2013,30,0.629664164575578,NA,NA,NA,NA,NA
2013,31,0.64967929697407,NA,NA,NA,NA,NA
2013,4,NA,NA,NA,NA,NA,NA
2013,32,0.669097407036815,NA,NA,NA,NA,NA
2013,5,NA,NA,NA,NA,NA,NA
2013,33,0.68785481730538,NA,NA,NA,NA,NA
2013,6,NA,NA,NA,NA,NA,NA
2013,34,0.705887850321332,NA,NA,NA,NA,NA
2013,35,0.723132828626235,NA,NA,NA,NA,NA
2013,36,0.739526074761657,NA,NA,NA,NA,NA
2013,37,0.755003911269163,2013-06-06,0.0808777777777778,0.221666666666667,8.20523998579769,0.699450339789238
2013,38,0.766974265636982,NA,NA,NA,NA,NA
2013,39,0.77812684484956,2013-06-08,0.692966371504167,0.844762203348829,9.05000218914652,0.771461543751117
2013,40,0.790650692823523,NA,NA,NA,NA,NA
2013,41,0.802788440861966,2013-06-10,0.867194444444445,1.01777777777778,10.0677799669243,0.858221347696985
2013,42,0.81529053425512,NA,NA,NA,NA,NA
2013,7,0.0269478243610775,2013-05-07,0.000133333333333333,0.00333333333333333,0.00333333333333333,0.000284147829517034
2013,43,0.827623965106861,NA,NA,NA,NA,NA
2013,8,0.0591139729999603,NA,NA,NA,NA,NA
2013,44,0.839802926503249,NA,NA,NA,NA,NA
2013,9,0.0906171522176201,2013-05-09,1.53856216609988,0.965549920591937,0.968883253925271,0.0825918220974801
2013,45,0.851841611530342,NA,NA,NA,NA,NA
2013,46,0.863754213274198,NA,NA,NA,NA,NA
2013,47,0.875554924820876,NA,NA,NA,NA,NA
2013,48,0.887257939256435,NA,NA,NA,NA,NA
2013,49,0.898877449666933,NA,NA,NA,NA,NA
2013,50,0.910427649138428,NA,NA,NA,NA,NA
2013,51,0.921922730756979,NA,NA,NA,NA,NA
2013,52,0.933376887608645,2013-06-21,0.299220454545455,0.4825,10.5502799669243,0.899351746019575
2013,53,0.944687430714398,NA,NA,NA,NA,NA
2013,54,0.955941966631803,2013-06-23,0.358236859641816,0.619591836734694,11.169871803659,0.952168448697966
2013,10,0.121276321768218,NA,NA,NA,NA,NA
2013,55,0.967299468657437,NA,NA,NA,NA,NA
2013,11,0.151372963729004,2013-05-11,2.24942618196833,1.48412360785359,2.45300686177886,0.209104972669456
2013,56,0.978674287195543,2013-06-25,0.188986111111111,0.561111111111111,11.7309829147701,1
2013,12,0.181105676821298,NA,NA,NA,NA,NA
2013,57,NA,NA,NA,NA,NA,NA
2013,58,NA,NA,NA,NA,NA,NA
2013,59,NA,NA,NA,NA,NA,NA
2013,60,NA,NA,NA,NA,NA,NA
2013,61,NA,NA,NA,NA,NA,NA
2013,62,NA,NA,NA,NA,NA,NA
2013,63,NA,NA,NA,NA,NA,NA
2013,64,NA,NA,NA,NA,NA,NA
2013,65,NA,NA,NA,NA,NA,NA
2013,66,NA,NA,NA,NA,NA,NA
2013,67,NA,NA,NA,NA,NA,NA
2013,68,NA,NA,NA,NA,NA,NA
2013,69,NA,NA,NA,NA,NA,NA
2013,70,NA,NA,NA,NA,NA,NA
2013,71,NA,NA,NA,NA,NA,NA
2013,72,NA,NA,NA,NA,NA,NA
2013,73,NA,NA,NA,NA,NA,NA
2013,74,NA,NA,NA,NA,NA,NA
2013,75,NA,NA,NA,NA,NA,NA
2013,76,NA,NA,NA,NA,NA,NA
2013,77,NA,NA,NA,NA,NA,NA
2013,78,NA,NA,NA,NA,NA,NA
2013,79,NA,NA,NA,NA,NA,NA
2013,80,NA,NA,NA,NA,NA,NA
2013,81,NA,NA,NA,NA,NA,NA
2013,82,NA,NA,NA,NA,NA,NA
2013,83,NA,NA,NA,NA,NA,NA
2013,84,NA,NA,NA,NA,NA,NA
2013,85,NA,NA,NA,NA,NA,NA
2013,86,NA,NA,NA,NA,NA,NA
2013,87,NA,NA,NA,NA,NA,NA
2013,88,NA,NA,NA,NA,NA,NA
2013,89,NA,NA,NA,NA,NA,NA
2013,90,NA,NA,NA,NA,NA,NA
2013,91,NA,NA,NA,NA,NA,NA
2014,13,0.0952760954601867,NA,NA,NA,NA,NA
2014,14,0.119458710660256,2014-05-14,0.0426353672227148,0.203183914467558,0.739868264600184,0.1072511106497
2014,15,0.143666049428682,NA,NA,NA,NA,NA
2014,16,0.16765407858116,2014-05-16,0.398333309838849,0.469277864992151,1.20914612959234,0.175277507552838
2014,17,0.191448518031983,NA,NA,NA,NA,NA
2014,18,0.215246648619782,NA,NA,NA,NA,NA
2014,19,0.238941301679489,NA,NA,NA,NA,NA
2014,20,0.262425308546038,NA,NA,NA,NA,NA
2014,21,0.285591500554362,NA,NA,NA,NA,NA
2014,22,0.308332709039393,NA,NA,NA,NA,NA
2014,23,0.330541765336063,NA,NA,NA,NA,NA
2014,1,NA,NA,NA,NA,NA,NA
2014,24,0.352111500779308,NA,NA,NA,NA,NA
2014,2,NA,NA,NA,NA,NA,NA
2014,25,0.372934746704058,NA,NA,NA,NA,NA
2014,3,NA,NA,NA,NA,NA,NA
2014,26,0.392904334445246,2014-05-26,1.11421666666667,1.41,2.61914612959234,0.379670739769381
2014,27,0.412525824934846,NA,NA,NA,NA,NA
2014,28,0.431561440557626,2014-05-28,0.000549784811883937,0.0135374149659864,2.63268354455832,0.381633119911761
2014,29,0.44913943669431,NA,NA,NA,NA,NA
2014,30,0.466690363826233,2014-05-30,0.789328023738404,1.03633484162896,3.66901838618728,0.531859948237408
2014,31,0.484821542922539,NA,NA,NA,NA,NA
2014,32,0.502734357547021,NA,NA,NA,NA,NA
2014,33,0.52055116775669,NA,NA,NA,NA,NA
2014,34,0.538394333608558,NA,NA,NA,NA,NA
2014,4,NA,NA,NA,NA,NA,NA
2014,35,0.556386215159637,NA,NA,NA,NA,NA
2014,5,NA,NA,NA,NA,NA,NA
2014,36,0.57464917246694,NA,NA,NA,NA,NA
2014,6,NA,NA,NA,NA,NA,NA
2014,37,0.593305565587479,NA,NA,NA,NA,NA
2014,38,0.612477754578265,NA,NA,NA,NA,NA
2014,39,0.632288099496311,NA,NA,NA,NA,NA
2014,40,0.652858960398628,NA,NA,NA,NA,NA
2014,41,0.674312697342229,NA,NA,NA,NA,NA
2014,42,0.696771670384126,2014-06-11,0.035025,0.14,3.80901838618728,0.552154311719902
2014,43,0.721757951114216,NA,NA,NA,NA,NA
2014,44,0.746164232898765,2014-06-13,1.04457958952993,1.47544129235619,5.28445967854347,0.766033896606735
2014,45,0.768602530287422,NA,NA,NA,NA,NA
2014,46,0.790286160640881,2014-06-15,0.484400332946026,1.07269403215832,6.35715371070178,0.921531343707612
2014,47,0.810775717539107,NA,NA,NA,NA,NA
2014,7,NA,NA,NA,NA,NA,NA
2014,48,0.831372056137977,NA,NA,NA,NA,NA
2014,8,NA,NA,NA,NA,NA,NA
2014,49,0.851765815739487,NA,NA,NA,NA,NA
2014,9,NA,NA,NA,NA,NA,NA
2014,50,0.87164763564563,NA,NA,NA,NA,NA
2014,51,0.890708155158403,NA,NA,NA,NA,NA
2014,52,0.908638013579801,NA,NA,NA,NA,NA
2014,53,0.925127850211819,NA,NA,NA,NA,NA
2014,54,0.939868304356453,NA,NA,NA,NA,NA
2014,55,0.952550015315697,NA,NA,NA,NA,NA
2014,56,0.962863622391546,2014-06-25,0.0212837124488728,0.18541601255887,6.54256972326065,0.948409200524357
2014,57,0.971376369424711,NA,NA,NA,NA,NA
2014,58,0.978139123333756,2014-06-27,0.00880606060606061,0.0766666666666667,6.61923638992732,0.959522780526675
2014,10,NA,NA,NA,NA,NA,NA
2014,59,0.982391549102967,NA,NA,NA,NA,NA
2014,11,NA,NA,NA,NA,NA,NA
2014,60,0.984663166623532,2014-06-29,0.0508910256410256,0.279230769230769,6.89846715915809,1
2014,12,0.0709199699735311,2014-05-12,0.322167053873594,0.536684350132626,0.536684350132626,0.0777976234068388
2014,61,NA,NA,NA,NA,NA,NA
2014,62,NA,NA,NA,NA,NA,NA
2014,63,NA,NA,NA,NA,NA,NA
2014,64,NA,NA,NA,NA,NA,NA
2014,65,NA,NA,NA,NA,NA,NA
2014,66,NA,NA,NA,NA,NA,NA
2014,67,NA,NA,NA,NA,NA,NA
2014,68,NA,NA,NA,NA,NA,NA
2014,69,NA,NA,NA,NA,NA,NA
2014,70,NA,NA,NA,NA,NA,NA
2014,71,NA,NA,NA,NA,NA,NA
2014,72,NA,NA,NA,NA,NA,NA
2014,73,NA,NA,NA,NA,NA,NA
2014,74,NA,NA,NA,NA,NA,NA
2014,75,NA,NA,NA,NA,NA,NA
2014,76,NA,NA,NA,NA,NA,NA
2014,77,NA,NA,NA,NA,NA,NA
2014,78,NA,NA,NA,NA,NA,NA
2014,79,NA,NA,NA,NA,NA,NA
2014,80,NA,NA,NA,NA,NA,NA
2014,81,NA,NA,NA,NA,NA,NA
2014,82,NA,NA,NA,NA,NA,NA
2014,83,NA,NA,NA,NA,NA,NA
2014,84,NA,NA,NA,NA,NA,NA
2014,85,NA,NA,NA,NA,NA,NA
2014,86,NA,NA,NA,NA,NA,NA
2014,87,NA,NA,NA,NA,NA,NA
2014,88,NA,NA,NA,NA,NA,NA
2014,89,NA,NA,NA,NA,NA,NA
2014,90,NA,NA,NA,NA,NA,NA
2014,91,NA,NA,NA,NA,NA,NA
2015,1,-0.00654765136652226,2015-05-01,4.54545454545455e-05,0.00363636363636364,0.00363636363636364,0.000396002452663263
2015,13,0.28852487775173,NA,NA,NA,NA,NA
2015,2,0.0128111702662084,NA,NA,NA,NA,NA
2015,14,0.317102766882624,NA,NA,NA,NA,NA
2015,3,0.0330656748195855,2015-05-03,0.0028040404040404,0.0593939393939394,0.063030303030303,0.0068640425128299
2015,15,0.345583482118727,NA,NA,NA,NA,NA
2015,16,0.373796937369215,2015-05-16,2.89350372790404,1.87018939393939,2.83065940012369,0.308260717903408
2015,17,0.402316222728878,NA,NA,NA,NA,NA
2015,18,0.431377208420101,2015-05-18,0.594822359622884,0.984359925788497,3.81501932591218,0.415458177755218
2015,19,0.460815781676508,NA,NA,NA,NA,NA
2015,20,0.489048917670724,2015-05-20,2.15675262452059,1.41687791846692,5.2318972443791,0.569757138735481
2015,21,0.515756526329333,NA,NA,NA,NA,NA
2015,22,0.542347169213571,NA,NA,NA,NA,NA
2015,23,0.568609539784486,NA,NA,NA,NA,NA
2015,24,0.594332331503124,NA,NA,NA,NA,NA
2015,4,0.0545165574655335,NA,NA,NA,NA,NA
2015,25,0.619304237830533,NA,NA,NA,NA,NA
2015,5,0.076813835391018,2015-05-05,0.780374963462194,0.897439703153989,0.960470006184292,0.104595831493582
2015,26,0.643313952227761,NA,NA,NA,NA,NA
2015,6,0.100046016410564,NA,NA,NA,NA,NA
2015,27,0.666150168155854,NA,NA,NA,NA,NA
2015,28,0.687601579075861,NA,NA,NA,NA,NA
2015,29,0.707456878448827,NA,NA,NA,NA,NA
2015,30,0.725504759735802,NA,NA,NA,NA,NA
2015,31,0.741533916397831,2015-05-31,1.19406909090909,1.69090909090909,6.92280633528819,0.753898279223898
2015,32,0.754167558688529,NA,NA,NA,NA,NA
2015,33,0.765605138743205,2015-06-02,0.0190188168590841,0.106985933301723,7.02979226858991,0.765549119520584
2015,34,0.776722169266958,NA,NA,NA,NA,NA
2015,35,0.787772954917955,2015-06-04,0.0172857142857143,0.085,7.11479226858991,0.774805676851588
2015,36,0.799793485665393,NA,NA,NA,NA,NA
2015,7,0.124541712261913,NA,NA,NA,NA,NA
2015,37,0.811151702877599,NA,NA,NA,NA,NA
2015,8,0.150130836854243,NA,NA,NA,NA,NA
2015,38,0.822066777866459,NA,NA,NA,NA,NA
2015,9,0.176643304096727,NA,NA,NA,NA,NA
2015,39,0.832757881943862,NA,NA,NA,NA,NA
2015,40,0.843444186421695,NA,NA,NA,NA,NA
2015,41,0.854344862611845,NA,NA,NA,NA,NA
2015,42,0.865679081826198,NA,NA,NA,NA,NA
2015,43,0.877666015376644,NA,NA,NA,NA,NA
2015,44,0.890524834575068,NA,NA,NA,NA,NA
2015,45,0.904474710733359,2015-06-14,0.567906677234621,0.96547706261992,8.08026933120983,0.879946780168181
2015,46,0.919041735380757,NA,NA,NA,NA,NA
2015,47,0.934251328415545,2015-06-16,0.0529706357199652,0.303710575139147,8.38397990634898,0.913021066648271
2015,10,0.203909027898542,NA,NA,NA,NA,NA
2015,48,0.950706987485477,NA,NA,NA,NA,NA
2015,11,0.231757922168864,NA,NA,NA,NA,NA
2015,49,0.968015587325598,2015-06-18,0.230493423594128,0.798699675324675,9.18267958167366,1
2015,12,0.260019900816868,NA,NA,NA,NA,NA
2015,50,NA,NA,NA,NA,NA,NA
2015,51,NA,NA,NA,NA,NA,NA
2015,52,NA,NA,NA,NA,NA,NA
2015,53,NA,NA,NA,NA,NA,NA
2015,54,NA,NA,NA,NA,NA,NA
2015,55,NA,NA,NA,NA,NA,NA
2015,56,NA,NA,NA,NA,NA,NA
2015,57,NA,NA,NA,NA,NA,NA
2015,58,NA,NA,NA,NA,NA,NA
2015,59,NA,NA,NA,NA,NA,NA
2015,60,NA,NA,NA,NA,NA,NA
2015,61,NA,NA,NA,NA,NA,NA
2015,62,NA,NA,NA,NA,NA,NA
2015,63,NA,NA,NA,NA,NA,NA
2015,64,NA,NA,NA,NA,NA,NA
2015,65,NA,NA,NA,NA,NA,NA
2015,66,NA,NA,NA,NA,NA,NA
2015,67,NA,NA,NA,NA,NA,NA
2015,68,NA,NA,NA,NA,NA,NA
2015,69,NA,NA,NA,NA,NA,NA
2015,70,NA,NA,NA,NA,NA,NA
2015,71,NA,NA,NA,NA,NA,NA
2015,72,NA,NA,NA,NA,NA,NA
2015,73,NA,NA,NA,NA,NA,NA
2015,74,NA,NA,NA,NA,NA,NA
2015,75,NA,NA,NA,NA,NA,NA
2015,76,NA,NA,NA,NA,NA,NA
2015,77,NA,NA,NA,NA,NA,NA
2015,78,NA,NA,NA,NA,NA,NA
2015,79,NA,NA,NA,NA,NA,NA
2015,80,NA,NA,NA,NA,NA,NA
2015,81,NA,NA,NA,NA,NA,NA
2015,82,NA,NA,NA,NA,NA,NA
2015,83,NA,NA,NA,NA,NA,NA
2015,84,NA,NA,NA,NA,NA,NA
2015,85,NA,NA,NA,NA,NA,NA
2015,86,NA,NA,NA,NA,NA,NA
2015,87,NA,NA,NA,NA,NA,NA
2015,88,NA,NA,NA,NA,NA,NA
2015,89,NA,NA,NA,NA,NA,NA
2015,90,NA,NA,NA,NA,NA,NA
2015,91,NA,NA,NA,NA,NA,NA
2016,13,0.0981484473367326,NA,NA,NA,NA,NA
2016,14,0.114788574317193,NA,NA,NA,NA,NA
2016,15,0.132257514573623,NA,NA,NA,NA,NA
2016,1,NA,NA,NA,NA,NA,NA
2016,16,0.150461013565192,NA,NA,NA,NA,NA
2016,2,NA,NA,NA,NA,NA,NA
2016,17,0.169304816751068,NA,NA,NA,NA,NA
2016,3,NA,NA,NA,NA,NA,NA
2016,18,0.188694669590421,NA,NA,NA,NA,NA
2016,19,0.208536317542421,2016-05-19,2.08260185799105,1.53284823284823,1.91870001995002,0.19684150225564
2016,20,0.228779030807681,NA,NA,NA,NA,NA
2016,21,0.24990834329379,2016-05-21,0.00578398148148148,0.0461666666666667,1.96486668661669,0.201577790328977
2016,22,0.268808790500096,NA,NA,NA,NA,NA
2016,23,0.289235987367568,2016-05-23,2.59069182692308,1.54224358974359,3.50711027636028,0.359798221815274
2016,24,0.3163920453608,NA,NA,NA,NA,NA
2016,25,0.347550446673122,NA,NA,NA,NA,NA
2016,26,0.3818350075797,NA,NA,NA,NA,NA
2016,27,0.418369544355701,NA,NA,NA,NA,NA
2016,4,-0.00244229942879101,2016-05-04,9.35897435897436e-05,0.00461538461538461,0.00461538461538461,0.000473497280311459
2016,28,0.456277873276292,NA,NA,NA,NA,NA
2016,5,0.00413924721140576,NA,NA,NA,NA,NA
2016,29,0.494683810616639,NA,NA,NA,NA,NA
2016,6,0.0118055858109381,2016-05-06,0.00108540710131619,0.0208838383838384,0.025499222999223,0.00261599276037395
2016,30,0.532711172651909,NA,NA,NA,NA,NA
2016,31,0.569483775657268,NA,NA,NA,NA,NA
2016,32,0.604125435907884,NA,NA,NA,NA,NA
2016,33,0.635759969678922,2016-06-02,3.25049858280248,1.25690642690643,4.7640167032667,0.488745606343615
2016,34,0.666032414776332,NA,NA,NA,NA,NA
2016,35,0.695771721577592,2016-06-04,3.32020411324786,2.08198717948718,6.84600388275388,0.702338914221891
2016,36,0.726008254026467,NA,NA,NA,NA,NA
2016,37,0.75532530409047,2016-06-06,2.04205061876781,1.78887820512821,8.63488208788209,0.885861856624831
2016,38,0.78166612676386,NA,NA,NA,NA,NA
2016,7,0.0207124339107287,NA,NA,NA,NA,NA
2016,39,0.806742416827716,NA,NA,NA,NA,NA
2016,8,0.0306789205030353,2016-05-08,0.229337727029914,0.360352564102564,0.385851787101787,0.0395849505558026
2016,40,0.830435911130347,NA,NA,NA,NA,NA
2016,9,0.0417611629911918,NA,NA,NA,NA,NA
2016,41,0.852628346520062,NA,NA,NA,NA,NA
2016,42,0.873201459845169,NA,NA,NA,NA,NA
2016,43,0.892036987953977,NA,NA,NA,NA,NA
2016,44,0.909016667694794,NA,NA,NA,NA,NA
2016,45,0.924022235915929,NA,NA,NA,NA,NA
2016,46,0.93693542946569,NA,NA,NA,NA,NA
2016,47,0.947637985192387,NA,NA,NA,NA,NA
2016,48,0.956011639944327,NA,NA,NA,NA,NA
2016,49,0.961938130569819,2016-06-18,0.0831858974358975,0.242307692307692,8.87718978018978,0.910720463841183
2016,50,0.965571203315323,NA,NA,NA,NA,NA
2016,51,0.967135828822083,2016-06-20,0.125345161671419,0.442201726844584,9.31939150703436,0.95608641542667
2016,10,0.0541434914594704,NA,NA,NA,NA,NA
2016,52,0.966583998209553,NA,NA,NA,NA,NA
2016,11,0.0677316513670405,NA,NA,NA,NA,NA
2016,53,0.963999620256216,2016-06-22,0.0939573317307692,0.428044871794872,9.74743637882924,1
2016,12,0.0824313881730714,NA,NA,NA,NA,NA
2016,54,NA,NA,NA,NA,NA,NA
2016,55,NA,NA,NA,NA,NA,NA
2016,56,NA,NA,NA,NA,NA,NA
2016,57,NA,NA,NA,NA,NA,NA
2016,58,NA,NA,NA,NA,NA,NA
2016,59,NA,NA,NA,NA,NA,NA
2016,60,NA,NA,NA,NA,NA,NA
2016,61,NA,NA,NA,NA,NA,NA
2016,62,NA,NA,NA,NA,NA,NA
2016,63,NA,NA,NA,NA,NA,NA
2016,64,NA,NA,NA,NA,NA,NA
2016,65,NA,NA,NA,NA,NA,NA
2016,66,NA,NA,NA,NA,NA,NA
2016,67,NA,NA,NA,NA,NA,NA
2016,68,NA,NA,NA,NA,NA,NA
2016,69,NA,NA,NA,NA,NA,NA
2016,70,NA,NA,NA,NA,NA,NA
2016,71,NA,NA,NA,NA,NA,NA
2016,72,NA,NA,NA,NA,NA,NA
2016,73,NA,NA,NA,NA,NA,NA
2016,74,NA,NA,NA,NA,NA,NA
2016,75,NA,NA,NA,NA,NA,NA
2016,76,NA,NA,NA,NA,NA,NA
2016,77,NA,NA,NA,NA,NA,NA
2016,78,NA,NA,NA,NA,NA,NA
2016,79,NA,NA,NA,NA,NA,NA
2016,80,NA,NA,NA,NA,NA,NA
2016,81,NA,NA,NA,NA,NA,NA
2016,82,NA,NA,NA,NA,NA,NA
2016,83,NA,NA,NA,NA,NA,NA
2016,84,NA,NA,NA,NA,NA,NA
2016,85,NA,NA,NA,NA,NA,NA
2016,86,NA,NA,NA,NA,NA,NA
2016,87,NA,NA,NA,NA,NA,NA
2016,88,NA,NA,NA,NA,NA,NA
2016,89,NA,NA,NA,NA,NA,NA
2016,90,NA,NA,NA,NA,NA,NA
2016,91,NA,NA,NA,NA,NA,NA
2017,13,0.00915962295248254,NA,NA,NA,NA,NA
2017,14,0.0145302316849646,NA,NA,NA,NA,NA
2017,15,0.0226523809172729,NA,NA,NA,NA,NA
2017,16,0.0332390331967439,NA,NA,NA,NA,NA
2017,17,0.0460031510707142,NA,NA,NA,NA,NA
2017,18,0.0606576970865204,NA,NA,NA,NA,NA
2017,19,0.076915633791499,NA,NA,NA,NA,NA
2017,1,NA,NA,NA,NA,NA,NA
2017,20,0.0944899237329867,NA,NA,NA,NA,NA
2017,2,NA,NA,NA,NA,NA,NA
2017,21,0.11309352945832,NA,NA,NA,NA,NA
2017,3,NA,NA,NA,NA,NA,NA
2017,22,0.132439413514835,NA,NA,NA,NA,NA
2017,23,0.15224053844987,2017-05-23,0.0911763004730935,0.215682888540031,0.359221350078493,0.0446195179391605
2017,24,0.173936576529462,NA,NA,NA,NA,NA
2017,25,0.197618030136337,2017-05-25,0.841494444444444,1.025,1.38422135007849,0.171936577121879
2017,26,0.219547784687335,NA,NA,NA,NA,NA
2017,27,0.241661202445386,2017-05-27,0.708104441881241,1.67633645124717,3.06055780132566,0.380157286559521
2017,28,0.266889734282281,NA,NA,NA,NA,NA
2017,29,0.293834749226698,NA,NA,NA,NA,NA
2017,30,0.322199047505457,NA,NA,NA,NA,NA
2017,31,0.351685429345381,NA,NA,NA,NA,NA
2017,4,NA,NA,NA,NA,NA,NA
2017,32,0.38199669497329,NA,NA,NA,NA,NA
2017,5,NA,NA,NA,NA,NA,NA
2017,33,0.412835644616006,NA,NA,NA,NA,NA
2017,6,NA,NA,NA,NA,NA,NA
2017,34,0.44390507850035,NA,NA,NA,NA,NA
2017,35,0.474907796853144,NA,NA,NA,NA,NA
2017,36,0.505546599901209,NA,NA,NA,NA,NA
2017,37,0.535524287871367,NA,NA,NA,NA,NA
2017,38,0.564543660990438,2017-06-07,0.453564102564103,0.591538461538462,3.65209626286412,0.453633322965908
2017,39,0.592627475568243,NA,NA,NA,NA,NA
2017,40,0.620420903052025,2017-06-09,0.911473643994489,1.04412872841444,4.69622499127856,0.583326395268267
2017,41,0.648548441956314,NA,NA,NA,NA,NA
2017,42,0.675987750730421,2017-06-11,2.07591368337688,1.95865646258503,6.6548814538636,0.826614571624904
2017,43,0.702733299367116,NA,NA,NA,NA,NA
2017,7,NA,NA,NA,NA,NA,NA
2017,44,0.729812100611415,NA,NA,NA,NA,NA
2017,8,0.0228754549805994,2017-05-08,0.0446410256410256,0.119230769230769,0.119230769230769,0.0148098642951755
2017,45,0.75693913142681,NA,NA,NA,NA,NA
2017,9,0.0149175866782861,NA,NA,NA,NA,NA
2017,46,0.783829368776795,NA,NA,NA,NA,NA
2017,47,0.810197789624862,NA,NA,NA,NA,NA
2017,48,0.835759370934506,NA,NA,NA,NA,NA
2017,49,0.860229089669219,NA,NA,NA,NA,NA
2017,50,0.883321922792495,NA,NA,NA,NA,NA
2017,51,0.904752847267826,NA,NA,NA,NA,NA
2017,52,0.924236840058707,2017-06-21,0.538368700625468,0.555709105074094,7.21059055893769,0.89564018042402
2017,53,0.942280527007441,NA,NA,NA,NA,NA
2017,54,0.958960533643168,2017-06-23,0.283460256410256,0.474615384615385,7.68520594355307,0.954592995069976
2017,10,0.00941648125899696,2017-05-10,0.00223589743589744,0.0223076923076923,0.141538461538462,0.017580742131047
2017,55,0.973633193722383,NA,NA,NA,NA,NA
2017,11,0.00694330101672574,NA,NA,NA,NA,NA
2017,56,0.986757950055194,2017-06-25,0.0663021099163227,0.365561224489796,8.05076716804287,1
2017,12,0.00682759217249003,2017-05-12,1.77777777777778e-05,0.002,0.143538461538462,0.0178291656611597
2017,57,NA,NA,NA,NA,NA,NA
2017,58,NA,NA,NA,NA,NA,NA
2017,59,NA,NA,NA,NA,NA,NA
2017,60,NA,NA,NA,NA,NA,NA
2017,61,NA,NA,NA,NA,NA,NA
2017,62,NA,NA,NA,NA,NA,NA
2017,63,NA,NA,NA,NA,NA,NA
2017,64,NA,NA,NA,NA,NA,NA
2017,65,NA,NA,NA,NA,NA,NA
2017,66,NA,NA,NA,NA,NA,NA
2017,67,NA,NA,NA,NA,NA,NA
2017,68,NA,NA,NA,NA,NA,NA
2017,69,NA,NA,NA,NA,NA,NA
2017,70,NA,NA,NA,NA,NA,NA
2017,71,NA,NA,NA,NA,NA,NA
2017,72,NA,NA,NA,NA,NA,NA
2017,73,NA,NA,NA,NA,NA,NA
2017,74,NA,NA,NA,NA,NA,NA
2017,75,NA,NA,NA,NA,NA,NA
2017,76,NA,NA,NA,NA,NA,NA
2017,77,NA,NA,NA,NA,NA,NA
2017,78,NA,NA,NA,NA,NA,NA
2017,79,NA,NA,NA,NA,NA,NA
2017,80,NA,NA,NA,NA,NA,NA
2017,81,NA,NA,NA,NA,NA,NA
2017,82,NA,NA,NA,NA,NA,NA
2017,83,NA,NA,NA,NA,NA,NA
2017,84,NA,NA,NA,NA,NA,NA
2017,85,NA,NA,NA,NA,NA,NA
2017,86,NA,NA,NA,NA,NA,NA
2017,87,NA,NA,NA,NA,NA,NA
2017,88,NA,NA,NA,NA,NA,NA
2017,89,NA,NA,NA,NA,NA,NA
2017,90,NA,NA,NA,NA,NA,NA
2017,91,NA,NA,NA,NA,NA,NA
